{"cameraMode":{"drawMode":0,"name":"Shaded","section":"Shading Mode"},"sceneLighting":true,"audioPlay":false,"sceneViewState":{"showFog":true,"showMaterialUpdate":false,"showSkybox":true,"showFlares":true,"showImageEffects":true,"showParticleSystems":true},"in2DMode":false,"pivot":{"x":699.503173828125,"y":34.07807922363281,"z":830.104736328125},"rotation":{"x":-0.03163239359855652,"y":0.9587410092353821,"z":-0.25689876079559328,"w":-0.11791500449180603},"size":19.697446823120118,"orthographic":false}